,tweet_user,tweet_text,tweet_id,timestamp
0,@BarackObama,"""...For love comes more naturally to the human heart than its opposite."" - Nelson Mandela",896523357272911872,5:06 PM - 12 Aug 2017
1,@BarackObama,"""People must learn to hate, and if they can learn to hate, they can be taught to love...""",896523304873238528,5:06 PM - 12 Aug 2017
2,@BarackObama,"""No one is born hating another person because of the color of his skin or his background or his religion...""pic.twitter.com/InZ58zkoAm",896523232098078720,5:06 PM - 12 Aug 2017
3,@BarackObama,"John McCain is an American hero & one of the bravest fighters I've ever known. Cancer doesn't know what it's up against. Give it hell, John.",887836712822558720,5:49 PM - 19 Jul 2017
4,@BarackObama,Health care has always been about something bigger than politics: it's about the character of our country. https://www.facebook.com/barackobama/posts/10154996557026749 …,877974755592228868,12:41 PM - 22 Jun 2017
5,@BarackObama,"Of all that I've done in my life, I'm most proud to be Sasha and Malia's dad. To all those lucky enough to be a dad, Happy Father's Day!https://twitter.com/michelleobama/status/876454925131288580 …",876456804305252353,8:09 AM - 18 Jun 2017
6,@BarackObama,"On this National Gun Violence Awareness Day, let your voice be heard and show your commitment to reducing gun violence.pic.twitter.com/eXkV4WmkqA",870695481290117120,10:35 AM - 2 Jun 2017
7,@BarackObama,Forever grateful for the service and sacrifice of all who fought to protect our freedoms and defend this country we love.pic.twitter.com/y7IQltbEz9,869178832082874369,6:09 AM - 29 May 2017
8,@BarackObama,Good to see my friend Prince Harry in London to discuss the work of our foundations & offer condolences to victims of the Manchester attack.https://twitter.com/kensingtonroyal/status/868418451970379776 …,868455601663332353,6:15 AM - 27 May 2017
9,@BarackObama,"Through faith, love, and resolve the character of the people of Manchester has shown itself.  Our thoughts & prayers are with you.https://twitter.com/justinwelby/status/867738559108837377 …",867745464329883648,7:13 AM - 25 May 2017
10,@BarackObama,Our hearts go out to those killed and wounded in Manchester. Americans will always stand shoulder to shoulder with the people of the UK.,867061620027076608,9:56 AM - 23 May 2017
11,@BarackObama,"Excited to hear from Sierra, Imani, Filiz, and Benedikt who are making a difference at home and abroad. See you in Berlin!https://twitter.com/obamafoundation/status/866758362658111488 …",866764702600359937,2:16 PM - 22 May 2017
12,@BarackObama,"Happy Mother's Day to my love and partner on this journey @MichelleObama, and to all the wonderful, hardworking mothers out there.",863756100948156416,7:01 AM - 14 May 2017
13,@BarackObama,"We're rolling up our sleeves again, back where it all started. Join us at http://Obama.org .https://twitter.com/obamafoundation/status/859830987198537731 …",859855649689174019,12:42 PM - 3 May 2017
14,@BarackObama,"Well said, Jimmy. That's exactly why we fought so hard for the ACA, and why we need to protect it for kids like Billy. And congratulations!https://twitter.com/jimmykimmel/status/859253161873125376 …",859457313232605184,10:19 AM - 2 May 2017
15,@ObamaFoundation,It’s a beautiful day on the South Side.pic.twitter.com/PtoaFbww0s,856529239566417920,8:24 AM - 24 Apr 2017
16,@BarackObama,My heart goes out to the victims and their families in London. No act of terror can shake the strength and resilience of our British ally.,844896595179180034,6:00 AM - 23 Mar 2017
17,@BarackObama,"Chuck Berry rolled over everyone who came before him – and turned up everyone who came after.  We'll miss you, Chuck.  Be good.",843490091519623169,8:51 AM - 19 Mar 2017
18,@BarackObama,"On International Women’s Day, @MichelleObama and I are inspired by all of you who embrace your power to drive change.https://twitter.com/obamafoundation/status/839584161442775040 …",839585255703080968,1:14 PM - 8 Mar 2017
19,@ObamaFoundation,Courage comes in many forms. Who in your local community or neighborhood leads by example? #ProfileInCourage https://www.obama.org/your-voice/ pic.twitter.com/TgdEbdOIQh,837320370281644032,7:15 AM - 2 Mar 2017
20,@BarackObama,Humbled to be recognized by a family with a legacy of service. Who's your #ProfileInCourage? Tell me about them: https://www.obama.org/your-voice/ https://twitter.com/JFKLibrary/status/837318374233354248 …,837322131834875904,7:22 AM - 2 Mar 2017
21,@BarackObama,We asked. You answered.https://medium.com/@ObamaFoundation/we-asked-and-you-answered-26de78979a64 …,832675462325243906,11:37 AM - 17 Feb 2017
22,@BarackObama,"Happy Valentine’s Day, @michelleobama! Almost 28 years with you, but it always feels new.pic.twitter.com/O0UhJWoqGN",831527113211645959,7:34 AM - 14 Feb 2017
23,@BarackObama,I read letters like these every single day. It was one of the best parts of the job – hearing from you.https://nyti.ms/2jAhB2P ,823230505546117120,10:07 AM - 22 Jan 2017
24,@ObamaFoundation,Add your voice: http://Obama.org pic.twitter.com/Uf7oEvkZF3,822537741195997186,12:14 PM - 20 Jan 2017
25,@BarackObama,"In the meantime, I want to hear what you're thinking about the road ahead. So share your ideas with me here:http://Obama.org ",822550536469803009,1:05 PM - 20 Jan 2017
26,@BarackObama,"Hi everybody! Back to the original handle. Is this thing still on? Michelle and I are off on a quick vacation, then we’ll get back to work.",822550300942856193,1:04 PM - 20 Jan 2017
27,@BarackObama,"Tonight, President Obama reflects on eight years of progress. Watch the #FarewellAddress at 9 pm ET: http://ofa.bo/2iYYkWQ  #ObamaFarewell",818966711995088896,3:44 PM - 10 Jan 2017
28,@OFA,"""Thanks to the Affordable Care Act, your coverage is better today than it was before.""

Watch the weekly address: http://ofa.bo/2fG3Tv1 ",794938896991797248,9:26 AM - 5 Nov 2016
29,@BarackObama,"In the weekly address, President Obama discusses what #Obamacare has done to improve health care. http://ofa.bo/2ebbyAo ",794926969829920768,8:38 AM - 5 Nov 2016
30,@BarackObama,"Let's keep working to keep our economy on a better, stronger course.pic.twitter.com/bV2BVjyj7a",794664579834015745,3:16 PM - 4 Nov 2016
31,@BarackObama,The landmark #ParisAgreement enters into force today—we must keep up the momentum to #ActOnClimate. http://ofa.bo/2fn8oHC ,794606453197774849,11:25 AM - 4 Nov 2016
32,@BarackObama,"The economy added 161,000 jobs in October, and wages are up 2.8 percent over the past year. http://ofa.bo/2e8XF5N  #JobsReport",794572967258640384,9:12 AM - 4 Nov 2016
33,@BarackObama,There are a lot of plans out there. Check your options and lock in the one that's best for you: http://ofa.bo/2eZtYDp  #GetCovered,794283659079520256,2:02 PM - 3 Nov 2016
34,@BarackObama,"The positive impact of #Obamacare is undeniable, but there's one big factor holding many states back: http://ofa.bo/2feEipF ",794255026570993664,12:08 PM - 3 Nov 2016
35,@POTUS44,It happened: @Cubs win World Series. That's change even this South Sider can believe in. Want to come to the White House before I leave?,794057504871346176,11:03 PM - 2 Nov 2016
36,@BarackObama,Tens of millions of Americans have benefited from #Obamacare. Make sure you're one of them. #GetCoveredpic.twitter.com/e1KoXcPtpU,793881038862757888,11:22 AM - 2 Nov 2016
37,@BarackObama,"Thanks to #Obamacare, quality health care is available to everyone. The marketplace is now open—make sure you and your family #GetCovered.pic.twitter.com/0DDAhckcDW",793833434850349056,8:13 AM - 2 Nov 2016
38,@LaCasaBlanca44,La típica Latina tarda 22 meses en ganar lo que un hombre blanco gana en 12 meses. Tenemos que cerrar la brecha salarial. #LatinaEqualPaypic.twitter.com/qhaehEvWzS,793573507867090944,3:00 PM - 1 Nov 2016
39,@ObamaWhiteHouse,"On #LatinaEqualPay Day, we mark the work that remains to ensure that all Americans receive equal pay for equal work.pic.twitter.com/4K288RHVVc",793551178554630145,1:31 PM - 1 Nov 2016
40,@BarackObama,Community organizing never goes out of style. Shop now: http://ofa.bo/2feFszZ pic.twitter.com/E56ofoU36i,793547555204280320,1:17 PM - 1 Nov 2016
41,@BarackObama,"With #Obamacare, people can focus on treatment for pre-existing conditions without the fear of coverage being capped or denied. #GetCoveredpic.twitter.com/QqCs6K3y2v",793511799643451392,10:55 AM - 1 Nov 2016
42,@BarackObama,"The Obamacare marketplace is now open. If you're uninsured, now is the time to shop for a plan and #GetCovered. http://ofa.bo/2f9F877 pic.twitter.com/uiA1EGZylU",793481260370792449,8:54 AM - 1 Nov 2016
43,@FLOTUS44,Open enrollment starts tomorrow! Check out your options at http://HealthCare.gov  and share your #GetCovered story.pic.twitter.com/QycOVYhOz9,793212249863139328,3:05 PM - 31 Oct 2016
44,@BarackObama,Lions and Tiggers and bears! Oh my! #HappyHalloweenpic.twitter.com/iU4fjBhi0Y,793213251077103617,3:09 PM - 31 Oct 2016
45,@BarackObama,Usted y su familia merecen la tranquilidad de saber que están cubiertos. El mercado de seguros abre mañana.pic.twitter.com/9iRCkLRGZD,793183793993519104,1:12 PM - 31 Oct 2016
46,@BarackObama,"Speak up in support of quality, affordable health care for all.http://ofa.bo/2f5XyoV ",793152790881112064,11:08 AM - 31 Oct 2016
47,@BarackObama,There's nothing to be scared of when searching for health insurance. Three in four people can #GetCovered for less than $75 a month.pic.twitter.com/YixI8RXOdq,793135531471233024,10:00 AM - 31 Oct 2016
48,@BarackObama,Open enrollment begins tomorrow—make sure you and your loved ones #GetCovered.pic.twitter.com/2aak7Bt0s3,793113673527009280,8:33 AM - 31 Oct 2016
49,@OFA,"Witch plan is best for you? Thanks to Obamacare, even pre-existing conditions can't stop you from comparing your options. #GetCoveredpic.twitter.com/yY4PbwD5fw",792850687302389760,3:08 PM - 30 Oct 2016
50,@BarackObama,Senate leaders' obstruction of our Supreme Court nomination process is unacceptable. Say so: http://ofa.bo/2dP8GJo  #DoYourJob,792045944384749569,9:50 AM - 28 Oct 2016
51,@BarackObama,Senate leaders should put the common good above politics—the integrity of our nation's highest court depends on it. #DoYourJobpic.twitter.com/Ie5vbg4f5D,792020035430735872,8:07 AM - 28 Oct 2016
52,@BarackObama,Don't ghost on your health and well-being—your chance to #GetCovered is coming up. Open enrollment starts November 1.pic.twitter.com/J86AESUreZ,791765789795684353,3:17 PM - 27 Oct 2016
53,@BarackObama,Climate change is happening now. Denial is dangerous.http://ofa.bo/2efZv0y ,791754307347492864,2:31 PM - 27 Oct 2016
54,@BarackObama,"If you're willing to work hard and play by the rules, you should be able to get ahead.pic.twitter.com/394hdJttgO",791737295254675457,1:24 PM - 27 Oct 2016
55,@BarackObama,President Obama lays out just a few of the ways in which #Obamacare has helped millions of Americans.http://www.snappytv.com/tc/3055958 ,791714897348268032,11:55 AM - 27 Oct 2016
56,@BarackObama,New report: Renewable energy installations are beating fossil fuel installations for the first time. http://ofa.bo/2eUzF3x  #ActOnClimate,791687049417928704,10:04 AM - 27 Oct 2016
57,@BarackObama,Obamacare has helped millions of Americans gain the peace of mind that comes with coverage. Show your support:http://ofa.bo/2dLT09T ,791662543584362496,8:27 AM - 27 Oct 2016
58,@BarackObama,"This is what happens when we focus on building an economy that works for everyone, not just those at the top.http://ofa.bo/2f890nF ",791361893986291712,12:32 PM - 26 Oct 2016
59,@BarackObama,"No one's too wrapped up in pre-existing conditions to #GetCovered. 
Thanks to Obamacare, you can find a plan that meets your needs.pic.twitter.com/ZLKWSvHNk8",791331973314727936,10:33 AM - 26 Oct 2016
60,@BarackObama,Help protect the progress we've made in helping millions of Americans get covered. Add your name now:http://ofa.bo/2dIKiZL ,791315070588379136,9:26 AM - 26 Oct 2016
61,@BarackObama,DYK: Most people can find a plan for less than $75 per month. Open enrollment starts on November 1. #GetCoveredpic.twitter.com/9RGG5Pr4mb,791293617163804673,8:01 AM - 26 Oct 2016
62,@BarackObama,"Women, the sick, survivors—they all deserve fair treatment in our health care system. #Obamacarepic.twitter.com/G948HN7pzV",791005180145786880,12:55 PM - 25 Oct 2016
63,@BarackObama,Don't get tripped up by misinformation. Join the @OFA Truth Team today: http://ofa.bo/2e7FVDZ pic.twitter.com/vwwDgFHq6A,790976567249731584,11:01 AM - 25 Oct 2016
64,@SecBurwell,"Most people shopping on @HealthCareGov will again find plans with premiums of less than $75/month, thanks to financial assistance.",790671553272934400,2:49 PM - 24 Oct 2016
65,@BarackObama,Be proud of the progress we've made together—wear the mark of this movement. http://ofa.bo/2eFUY9Z pic.twitter.com/1Z4yJmYh4E,790937285789306880,8:25 AM - 25 Oct 2016
66,@BarackObama,Strong policies that help working families get ahead are good for our economy.pic.twitter.com/QRRhibjZCl,790667378023501825,2:32 PM - 24 Oct 2016
67,@BarackObama,The four-week average of jobless claims fell to the lowest level since 1973—a sign of a healthy labor market.http://ofa.bo/2eoEgwE ,790646938437685248,1:11 PM - 24 Oct 2016
68,@BarackObama,"Since 2010, America's uninsured rate has been cut in half. Help build on that progress—join Team #Obamacare today:http://ofa.bo/2e4wfdd ",790626992433397760,11:52 AM - 24 Oct 2016
69,@OFA,"It's working.
It's saving lives.
And we're not going back.
Retweet to show your support.pic.twitter.com/YOBeMMSYP8",790597832684150785,9:56 AM - 24 Oct 2016
70,@BarackObama,"Health care is a right, not a privilege—and #Obamacare works to protect that right for millions of Americans.pic.twitter.com/B7fO8rhggW",790573868335308801,8:21 AM - 24 Oct 2016
71,@BarackObama,Don't get tripped up by misinformation. Join the @OFA Truth Team today: http://ofa.bo/2ePMlfI pic.twitter.com/Nxgp87o4iq,789568706837901315,1:47 PM - 21 Oct 2016
72,@BarackObama,Being able to stay on a parent's plan enables millions of young adults to make choices about their future with the security of health care.pic.twitter.com/s87tsEpUv1,789506728316502016,9:40 AM - 21 Oct 2016
73,@BarackObama,"""Because of Obamacare, another 20 million Americans now know the financial security of health insurance."" http://www.snappytv.com/tc/3055928 ",789480358345453568,7:55 AM - 21 Oct 2016
74,@BarackObama,Stand up for the law that's helped 20 million more Americans gain health coverage. Join Team @Obamacare today:http://ofa.bo/2enxsPd ,789205082210390018,1:42 PM - 20 Oct 2016
75,@BarackObama,"There's still more work to do, but let's celebrate how far we've come.pic.twitter.com/kUVWn68kJw",789176114597859330,11:47 AM - 20 Oct 2016
76,@BarackObama,LIVE: President Obama is in Miami talking about the progress made possible by the Affordable Care Act. http://ofa.bo/2ekISnP ,789162509823455232,10:52 AM - 20 Oct 2016
77,@ObamaWhiteHouse,"Each day, @POTUS reads 10 letters from Americans. Today, we're sharing some of the letters written about #ACA: http://WH.gov/letters pic.twitter.com/lYQdb2Aykl",789121703075078145,8:10 AM - 20 Oct 2016
78,@BarackObama,Tune in at 1:55 p.m. ET to watch President Obama speak about the successes of the Affordable Care Act. http://ofa.bo/2ekISnP ,789147820695486464,9:54 AM - 20 Oct 2016
79,@BarackObama,There's a lot of misinformation floating around. Make sure you've got the facts—join the @OFA Truth Team: http://ofa.bo/2e4u2Qt pic.twitter.com/TJRao05cIe,789127975140601856,8:35 AM - 20 Oct 2016
80,@BarackObama,"From coast to coast, editorial boards are denouncing Senate obstructionism. Take a look: http://ofa.bo/2dP12dX  #DoYourJob",788834727054630913,1:10 PM - 19 Oct 2016
81,@BarackObama,"Our Supreme Court has been short a justice for far too long. #DoYourJob, Senate leaders. http://ofa.bo/2e1Kwce ",788803700286291969,11:07 AM - 19 Oct 2016
82,@SecBurwell,"Today, 20M more Americans have coverage thanks to the #ACA. Our uninsured rate is the lowest in our nation’s history. Lowest. In. History.",788755666857029632,7:56 AM - 19 Oct 2016
83,@BarackObama,The need for a ninth justice is undeniably clear. #DoYourJobpic.twitter.com/L1EBgNbh3Q,788758927617826816,8:09 AM - 19 Oct 2016
84,@BarackObama,We can't afford to let this be the new normal. http://ofa.bo/2dZi76F  #ActOnClimate,788469915527163905,1:00 PM - 18 Oct 2016
85,@BarackObama,Denying climate change is dangerous. Join @OFA supporters in standing up for bold action now: http://ofa.bo/2e3fRg6  #ActOnClimate,788445867900489728,11:25 AM - 18 Oct 2016
86,@BarackObama,"Climate change is real, but so is the progress we're making to #ActOnClimate. Let's keep it up.pic.twitter.com/GOFKXQblGJ",788426999626731521,10:10 AM - 18 Oct 2016
87,@BarackObama,This is just the latest step forward in the push to #ActOnClimate.http://ofa.bo/2eBOxHu ,788405579316277248,8:45 AM - 18 Oct 2016
88,@BarackObama,Read why @FLOTUS is fighting to ensure that girls everywhere have access to quality education. http://ofa.bo/2ezmhFx  #LetGirlsLearn,788141079795163136,3:14 PM - 17 Oct 2016
89,@BarackObama,"Wildfires in the next few decades could be ""unrecognizable"" to previous generations—because of climate change:http://ofa.bo/2dWNyOS ",788124404886540288,2:07 PM - 17 Oct 2016
90,@BarackObama,Senate leaders are blocking the Supreme Court nomination for their own political gain—don't be silent: http://ofa.bo/2dJghVG  #DoYourJob,788088844771926016,11:46 AM - 17 Oct 2016
91,@ObamaWhiteHouse,"""Nobody should be priced out of a higher education."" —@POTUS on the progress we've made: http://go.wh.gov/1NuNrf pic.twitter.com/VhdDVIJg43",788042007541264385,8:40 AM - 17 Oct 2016
92,@WHLive44,Watch as @POTUS speaks on the progress made to ensure every student has the opportunity to realize their potential:http://go.wh.gov/1NuNrf ,788037304191373312,8:21 AM - 17 Oct 2016
93,@BarackObama,Senate leaders have recognized Judge Garland's impeccable credentials in the past. He deserves a fair hearing and an up-or-down vote.pic.twitter.com/oduFmNGDgO,788039460411682817,8:30 AM - 17 Oct 2016
94,@BarackObama,We need a fully functional Supreme Court. Editorial boards across the country agree: http://ofa.bo/2dCG7KU  #DoYourJob,787039774330748928,2:17 PM - 14 Oct 2016
95,@BarackObama,The American Bar Association gave Judge Garland its highest rating. Senate leaders: #DoYourJob and fill the #SCOTUS vacancy.pic.twitter.com/4yseqnOBX4,787010142378332160,12:20 PM - 14 Oct 2016
96,@BarackObama,Denying climate change is dangerous. Join @OFA supporters in standing up for bold action now: http://ofa.bo/2dZNTRx  #ActOnClimate,786982739517943808,10:31 AM - 14 Oct 2016
97,@BarackObama,"Cynics, take note: When we #ActOnClimate, we build a stronger future.pic.twitter.com/wHHMdo2ro6",786964419905523712,9:18 AM - 14 Oct 2016
98,@BarackObama,"""That’s how we will overcome the challenges we face: by unleashing the power of all of us for all of us."" Read more:http://ofa.bo/2dNlZZy ",786680553617629185,2:30 PM - 13 Oct 2016
99,@BarackObama,Check out the most recent editorial boards calling on Senate leaders to vote on Judge Garland: http://ofa.bo/2dNKl4h  #DoYourJob,786665200711786496,1:29 PM - 13 Oct 2016
100,@BarackObama,"Senate leaders have undercut the functionality of the Supreme Court, and that's unacceptable. #DoYourJobpic.twitter.com/5HFXhgTMoP",786634894629740544,11:29 AM - 13 Oct 2016
101,@BarackObama,Senate leaders' political games are handicapping the Supreme Court—and judgeships across the country. http://ofa.bo/2dVVHno  #DoYourJob,786610870180646913,9:53 AM - 13 Oct 2016
102,@WIRED,"After eight years in office, @POTUS remains optimistic about the world's future. His essay as WIRED’s guest editor: http://bit.ly/2d6YlIn pic.twitter.com/PIIrCbBX3d",786159612940656641,4:00 AM - 12 Oct 2016
103,@BarackObama,LIVE: President Obama is speaking at a reception celebrating #HispanicHeritageMonth. http://ofa.bo/2egOvVm ,786311063025451012,2:02 PM - 12 Oct 2016
104,@ObamaWhiteHouse,"In honor of #HispanicHeritageMonth, we celebrate the progress that Hispanic Americans have made under @POTUS: http://go.wh.gov/fSZ3J2 pic.twitter.com/u2FU9oN8Pu",786229841737592832,8:39 AM - 12 Oct 2016
105,@BarackObama,Support the bold steps we're taking against climate change. Say you're ready to #ActOnClimate: http://ofa.bo/2dcUwww ,786291325486309381,12:43 PM - 12 Oct 2016
106,@BarackObama,"Last week, more than 190 countries reached a landmark deal to reduce carbon pollution from aviation. http://ofa.bo/2dcG2Nb  #ActOnClimate",786264508436058112,10:57 AM - 12 Oct 2016
107,@BarackObama,Let's leave our children and grandchildren a planet that's healthier than the one we have today. #ActOnClimatepic.twitter.com/mP29bpRdU9,786243954601660417,9:35 AM - 12 Oct 2016
108,@BarackObama,Climate change's effects are devastating. Denying the science behind it does nothing to help. http://ofa.bo/2d7ppaq  #ActOnClimate,786226181318123523,8:25 AM - 12 Oct 2016
109,@BarackObama,"""On behalf of Michelle and our family, G’mar Chatimah Tovah."" —President Obama #YomKippur",785993169460527104,4:59 PM - 11 Oct 2016
110,@BarackObama,"""LGBT individuals deserve to know their country stands beside them."" —President Obama #NationalComingOutDaypic.twitter.com/op7nBzbaod",785952655113723904,2:18 PM - 11 Oct 2016
111,@BarackObama,The Supreme Court must remain above politics. Judge Garland needs a hearing and a vote. #DoYourJobpic.twitter.com/eVSPSIFNpB,785933569365450752,1:02 PM - 11 Oct 2016
112,@BarackObama,Don't stand idly by while Senate leaders continue to block Judge Garland from a fair hearing and vote: http://ofa.bo/2dH41rB  #DoYourJob,785912543210377216,11:38 AM - 11 Oct 2016
113,@BarackObama,"Judge Garland is just as qualified now as he was in 1997, Senate leaders. It's time to #DoYourJob.pic.twitter.com/j1lEkdMYV6",785894365298208769,10:26 AM - 11 Oct 2016
114,@BarackObama,Dispel misinformation with facts from the @OFA Truth Team.http://ofa.bo/2dIq9AB ,785865432486014980,8:31 AM - 11 Oct 2016
115,@BarackObama,"The uninsured rate is the lowest it's been in decades, thanks to #Obamacare. Spread the word. http://ofa.bo/2dLpd09 pic.twitter.com/zH364SozNu",784514411604041729,3:03 PM - 7 Oct 2016
116,@BarackObama,Deadline tonight—help rein in payday lenders that succeed by targeting vulnerable Americans: http://ofa.bo/2cXFmzM  #StopTheDebtTrap,784493195061239808,1:38 PM - 7 Oct 2016
117,@BarackObama,The Obama administration and @CFPB are working to protect consumers and #StopTheDebtTrap.pic.twitter.com/UMO01OUkdh,784482008730734592,12:54 PM - 7 Oct 2016
118,@BarackObama,"Our economy is on a better, stronger course.http://ofa.bo/2dkzDAj ",784453805706534916,11:02 AM - 7 Oct 2016
119,@BarackObama,The economic progress we've made is undeniable—let's keep it up.pic.twitter.com/gAlfaC1hkI,784427310703345664,9:16 AM - 7 Oct 2016
120,@BarackObama,Check out President Obama's essay in @TheEconomist on the unique challenges the American economy faces.http://ofa.bo/2dk8Ynm ,784411527193456640,8:14 AM - 7 Oct 2016
121,@BarackObama,"The economy added 156,000 jobs in September—extending the longest streak of total job growth on record.",784392680008712192,6:59 AM - 7 Oct 2016
122,@BarackObama,ICYMI: Read about the historic #ParisAgreement and what it means for the fight to #ActOnClimate.http://ofa.bo/2dyb5WA ,784099769425596418,11:35 AM - 6 Oct 2016
123,@ObamaWhiteHouse,"This is #SXSL: The White House festival of ideas, art, and action. Take a peek inside: http://WH.gov/SXSL http://snpy.tv/2e5DLIk ",784056427979665408,8:43 AM - 6 Oct 2016
124,@BarackObama,The cost of clean energy technology dropped significantly over the last eight years. Get the chart: http://ofa.bo/2dHBN0k  #ActOnClimate,784057869549252608,8:48 AM - 6 Oct 2016
125,@BarackObama,This historic step in the fight to #ActOnClimate came faster than anyone predicted.pic.twitter.com/W2rtcNXkI7,783781468719943680,2:30 PM - 5 Oct 2016
126,@BarackObama,"""Today is a historic day in the fight to protect our planet for future generations."" —President Obama #ActOnClimatehttp://www.snappytv.com/tc/2949825 ",783769909146845184,1:44 PM - 5 Oct 2016
127,@BarackObama,LIVE: President Obama is delivering a statement on the Paris Climate Agreement. http://ofa.bo/2dFlmSh ,783751285212258304,12:30 PM - 5 Oct 2016
128,@BarackObama,Read from @NYTopinion about why filling the Supreme Court vacancy is crucial for our democracy: http://ofa.bo/2dEKeJE  #DoYourJob,783695919006920704,8:50 AM - 5 Oct 2016
129,@BarackObama,Enough is enough. Say it's time for Senate leaders to get to work: http://ofa.bo/2dtojUl  #DoYourJob,783404014054412288,1:30 PM - 4 Oct 2016
130,@BarackObama,"""Everybody cares about their kids, their grandkids, and the kind of world we pass on to them."" —President Obamahttp://www.snappytv.com/tc/2936623 ",783373180861767681,11:28 AM - 4 Oct 2016
131,@BarackObama,Take what matters with you. http://ofa.bo/2cQauS4 pic.twitter.com/KJJdkE8DML,783349420951674880,9:53 AM - 4 Oct 2016
132,@BarackObama,"We've come a long way, but the fight for fairness and an economy that works for everyone continues.pic.twitter.com/WWRhZHwYWE",783322842955862020,8:08 AM - 4 Oct 2016
133,@NatGeoChannel,Tonight @POTUS will be joined by @LeoDiCaprio for a conversation on combating climate change: http://Wh.gov/SXSL  #SXSL #BeforeTheFloodpic.twitter.com/WDNuaogsgs,782938260792147968,6:40 AM - 3 Oct 2016
134,@BarackObama,Side-by-side for 24 years. Here's to many more. #HappyAnniversarypic.twitter.com/nh8Xfc7IWU,783009809356304385,11:24 AM - 3 Oct 2016
135,@ObamaWhiteHouse,"Today, @POTUS is bringing something new to the South Lawn. Find out why:http://go.wh.gov/oLS3Kt ",782971657048563712,8:52 AM - 3 Oct 2016
136,@BarackObama,Facts matter. Stay informed with the @OFA Truth Team:http://ofa.bo/2dmTBfV ,782966115248910337,8:30 AM - 3 Oct 2016
137,@OFA,"""Since I took office, another ten million private-sector workers have gained paid sick leave."" —President Obamahttp://ofa.bo/2dEyet9 ",782248409654661120,8:58 AM - 1 Oct 2016
138,@BarackObama,"In the weekly address, President Obama discusses why access to paid leave is so important. http://ofa.bo/2dEyet9  #LeadOnLeave",782230260767084545,7:46 AM - 1 Oct 2016
139,@BarackObama,Parents shouldn't have to choose between a paycheck and taking care of a sick child at home. #LeadOnLeavepic.twitter.com/FF4hTkgOZy,781970043894632448,2:32 PM - 30 Sep 2016
140,@BarackObama,"After thirty years in Congress, Senator, this should not be your proudest accomplishment. http://ofa.bo/2dBY0hA  #DoYourJobpic.twitter.com/TIL8ISwdKd",781949494631858176,1:11 PM - 30 Sep 2016
141,@BarackObama,We need a fully functioning Supreme Court. Speak up if you agree it's time for a hearing and a vote: http://ofa.bo/2d1GSgf  #DoYourJob,781913425496662016,10:47 AM - 30 Sep 2016
142,@BarackObama,"There has never been a more qualified nominee, Senate leaders. He deserves a fair hearing and a vote. #DoYourJobpic.twitter.com/qtzcY3iwyl",781885668016332800,8:57 AM - 30 Sep 2016
143,@BarackObama,It's the Senate's job to fairly consider Supreme Court nominees. Their refusal to do so is unacceptable: http://ofa.bo/2cZAI0q  #DoYourJob,781613479589470208,2:55 PM - 29 Sep 2016
144,@BarackObama,"""Everybody gets sick."" Check out what President Obama is doing to extend access to paid sick leave: http://ofa.bo/2cEHvAx  #LeadOnLeave",781579567358095360,12:41 PM - 29 Sep 2016
145,@EnergySecMoniz,THIS is what a #CleanEnergy revolution looks like. New report out today → http://energy.gov/articles/secretary-moniz-releases-report-showing-cost-reductions-and-rapid-deployment-clean-energy-0 … #ActOnClimatepic.twitter.com/RvfzeQBUFA,781167122822995968,9:22 AM - 28 Sep 2016
146,@BarackObama,Never underestimate the strength and resilience of the American economy.pic.twitter.com/OFTN2FlRtq,781532250143719424,9:33 AM - 29 Sep 2016
147,@Slate,President Obama answers Slate’s questions about his administration’s new rule extending paid sick leave: http://slate.me/2cYlIzX pic.twitter.com/sPEHsCy6sv,781484947756486656,6:25 AM - 29 Sep 2016
148,@BarackObama,The @OFA Truth Team makes it easy to stay informed. Join today:http://ofa.bo/2d4UB8e ,781189166126264321,10:49 AM - 28 Sep 2016
149,@BarackObama,"This is no accident—we're making a comeback because together, we've fought hard to support American families.pic.twitter.com/LTk7SiTexP",781150531943211010,8:16 AM - 28 Sep 2016
150,@BarackObama,We're better off than we were eight years ago.pic.twitter.com/OwrTM3V78t,780875664953978881,2:04 PM - 27 Sep 2016
151,@BarackObama,"Household incomes are up, and the poverty rate is down across all demographics.http://ofa.bo/2d1pZV0 ",780855089946726400,12:42 PM - 27 Sep 2016
152,@BarackObama,"As long as Senate leaders keep refusing to do their jobs, @OFA supporters will continue speaking out against their obstruction. #DoYourJobpic.twitter.com/xrz67jh1HV",780813534376538112,9:57 AM - 27 Sep 2016
153,@BarackObama,Senate leaders have blocked Judge Garland's hearing for over six months now. Keep pushing: http://ofa.bo/2d6yD5J  #DoYourJob,780791269060595712,8:28 AM - 27 Sep 2016
154,@BarackObama,"Important, tough conversations require solid facts. Get them from the @OFA Truth Team: http://ofa.bo/2cY11WE pic.twitter.com/dD1EPgaA9W",780511904485605376,1:58 PM - 26 Sep 2016
155,@BarackObama,"These are high praises from the American Bar Association—and yet, Senate leaders refuse to even consider Judge Garland. #MerricksMeritspic.twitter.com/tXakoNmYFu",780481839177748480,11:59 AM - 26 Sep 2016
156,@BarackObama,Senate leaders' unprecedented obstruction of the Supreme Court nomination must end. Your voice matters: http://ofa.bo/2cXrKCL  #DoYourJob,780458668122791936,10:27 AM - 26 Sep 2016
157,@BarackObama,The American people are waiting for Senate leaders to do their jobs.pic.twitter.com/LNqAQpxMle,780435649971167232,8:55 AM - 26 Sep 2016
158,@BarackObama,Senate leaders have blocked Judge Garland's hearing for over six months now. Keep pushing: http://ofa.bo/2cJwSYX  #DoYourJob,779428314012200960,2:12 PM - 23 Sep 2016
159,@BarackObama,"Senate leaders need to work for the good of the American people, not seek out political points.pic.twitter.com/Tdx3xk6gYi",779411464830320640,1:05 PM - 23 Sep 2016
160,@BarackObama,Watch President Obama and @CEAChair Jason Furman discuss the positive gains the American economy has made.http://ofa.bo/2ctwCBa ,779395875239895042,12:03 PM - 23 Sep 2016
161,@BarackObama,Here are 16 broken records we shouldn't be proud of.pic.twitter.com/x98dGgEloW,779380553334140932,11:02 AM - 23 Sep 2016
162,@BarackObama,Stay informed. Stay engaged. Speak up. Join the @OFA Truth Team:http://ofa.bo/2cMYuhR ,779363981177843712,9:57 AM - 23 Sep 2016
163,@BarackObama,"Another record broken: 16 months in a row of undeniable, record-breaking heat.
http://ofa.bo/2dabz7s  #ActOnClimate",779348972670517248,8:57 AM - 23 Sep 2016
164,@BarackObama,Happy #FirstDayofFall.pic.twitter.com/ix02MNuOud,779082523963863041,3:18 PM - 22 Sep 2016
165,@BarackObama,We can't sit idly by. Climate change is likely to threaten our national security—we must act now. http://ofa.bo/2crGwUg  #ActOnClimatepic.twitter.com/CCFZdEYc8T,779068216018468864,2:21 PM - 22 Sep 2016
166,@BarackObama,Judge Garland is highly qualified for the bench—even some Senate leaders who are now blocking his hearing have agreed. #MerricksMeritspic.twitter.com/zxaqdzLVRj,779032515302400000,12:00 PM - 22 Sep 2016
167,@BarackObama,Senate leaders' blind obstruction of Judge Garland's nomination sets a dangerous precedent. We can't stand idly by. http://ofa.bo/2d4dlEi ,779010876074438657,10:34 AM - 22 Sep 2016
168,@BarackObama,"Enough of the shameless partisanship, Senators. #DoYourJob and fill the Supreme Court vacancy.pic.twitter.com/vIQY0bivo4",778986879249100800,8:58 AM - 22 Sep 2016
169,@BarackObama,Help keep the pressure on Senate leaders to give Judge Garland a fair hearing before their next recess. http://ofa.bo/2cpiYzm  #DoYourJob,778684733093912576,12:58 PM - 21 Sep 2016
170,@BarackObama,The American Bar Association gave Judge Garland its highest possible rating. He deserves a hearing and a vote. #MerricksMeritspic.twitter.com/ItMNKx4RJx,778653339751899136,10:53 AM - 21 Sep 2016
171,@BarackObama,"""Their right to inherit a healthy planet is a sacred responsibility."" —President Obama #ActOnClimatehttp://www.snappytv.com/tc/2807826 ",778633396998156288,9:34 AM - 21 Sep 2016
172,@BarackObama,Communities are already experiencing the effects of climate change—we can't afford not to act. Take a look: http://ofa.bo/2d1OQbb pic.twitter.com/3BFbRDUXBv,778609212599316480,7:57 AM - 21 Sep 2016
173,@BarackObama,"As the #UNGA meets, take a look at the progress we've made thanks to American leadership in the world.http://ofa.bo/2cX9zhF ",778315562623438848,12:31 PM - 20 Sep 2016
174,@BarackObama,LIVE: President Obama is speaking at the 71st Session of the United Nations General Assembly. http://ofa.bo/2cNcg58  #UNGA,778239848566194176,7:30 AM - 20 Sep 2016
175,@BarackObama,LIVE: President Obama is delivering a statement in New York. http://ofa.bo/2cYDF5K ,777891139848253441,8:24 AM - 19 Sep 2016
176,@BarackObama,President Obama commemorates #HispanicHeritageMonth in an address to @CHCI.http://www.snappytv.com/tc/2810938 ,776909671055568896,3:24 PM - 16 Sep 2016
177,@BarackObama,Senate leaders are putting politics above their basic responsibility to hold a hearing for Judge Garland. #DoYourJobpic.twitter.com/N7vH2ncwmb,776894274055000064,2:23 PM - 16 Sep 2016
178,@BarackObama,"Six months is long enough, senators. It's time to #DoYourJob and give Judge Garland a hearing. http://ofa.bo/2csXei1 ",776872058089267201,12:55 PM - 16 Sep 2016
179,@OFA,Friendly reminder for Senate leaders on #ConstitutionDay2016:pic.twitter.com/my5zUWxb6j,776856815728365568,11:54 AM - 16 Sep 2016
180,@BarackObama,"The Supreme Court should remain above partisan politics, Senator. http://ofa.bo/2csFxie  #DoYourJobpic.twitter.com/Wjd96qn9Hf",776834111566516224,10:24 AM - 16 Sep 2016
181,@BarackObama,Progress starts with a conversation. Make sure you have the facts to get yours started: http://ofa.bo/2csuypk pic.twitter.com/Q3iP0Jwg1t,776811448651558912,8:54 AM - 16 Sep 2016
182,@BarackObama,"When we protect our lands and waters, it helps us protect our climate for future generations. #ActOnClimatepic.twitter.com/8tygZI0TDR",776532109498339328,2:24 PM - 15 Sep 2016
183,@BarackObama,"""There is no 'election year' exception in Article II."" Sen. Leahy calls on senators to give Judge Garland a hearing:http://ofa.bo/2cb8DBX ",776493584572780545,11:51 AM - 15 Sep 2016
184,@BarackObama,"President Obama just made history by protecting nearly 5,000 square miles off the New England coast. http://ofa.bo/2caUhRY  #OurOcean",776460530584133633,9:39 AM - 15 Sep 2016
185,@BarackObama,LIVE: President Obama is speaking at the 2016 Our Ocean Conference. http://ofa.bo/2cQJ3DM  #OurOcean,776439380281925632,8:15 AM - 15 Sep 2016
186,@ObamaWhiteHouse,"BREAKING: @POTUS will designate the first-ever marine monument in the Atlantic Ocean:
http://go.wh.gov/EYjFHZ pic.twitter.com/VdIsRsQMlS",776404656859643904,5:57 AM - 15 Sep 2016
187,@BarackObama,We need nine justices for a fully functioning Supreme Court—and editorial boards across the country agree. http://ofa.bo/2c9hILF ,776160016483033088,1:45 PM - 14 Sep 2016
188,@cspan,".@RepJohnLewis on #GunViolence: ""The time for silence is over.""pic.twitter.com/zUUX02jNnN",776084469862182912,8:45 AM - 14 Sep 2016
189,@BarackObama,We can't let Senate leaders ignore their constitutional responsibilities. http://ofa.bo/2cIlvVN  #DoYourJobpic.twitter.com/IwO7CAoVm2,776115966161793025,10:50 AM - 14 Sep 2016
190,@BarackObama,Stay informed. Stay engaged. Speak up. Join the @OFA Truth Team:http://ofa.bo/2caQ4CK ,776098253800484866,9:40 AM - 14 Sep 2016
191,@BarackObama,The U.S. is on track to hit two million solar installations within the next two years. Momentum is building:http://ofa.bo/2caExn4 ,776079054512369668,8:24 AM - 14 Sep 2016
192,@BarackObama,Time is almost up for Senate leaders to do the right thing and fill the #SCOTUS vacancy. http://ofa.bo/2cpD3Ct  #DoYourJob,775804899049078784,2:14 PM - 13 Sep 2016
193,@BarackObama,"Median household income: 
Poverty rate: 
Uninsured rate: 

Middle-class economics works.pic.twitter.com/ThPXBSux09",775788508841517057,1:09 PM - 13 Sep 2016
194,@BarackObama,"In 2015, we saw the fastest household income growth on record and the largest drop in the poverty rate since 1968.http://ofa.bo/2cKZn8W ",775773838403436544,12:11 PM - 13 Sep 2016
195,@ObamaWhiteHouse,"Fastest household income growth on record ✓ 
 
Largest drop in poverty rate since 1968 ✓ 

http://go.wh.gov/qFTnXM pic.twitter.com/c8iPRjlOzg",775720497006936065,8:39 AM - 13 Sep 2016
196,@BarackObama,The Supreme Court must remain above partisanship. Senate leaders: The time to fill the vacant seat is now.pic.twitter.com/7mmbuXjsPO,775710721027952640,8:00 AM - 13 Sep 2016
197,@BarackObama,ICYMI: This is a really big deal.pic.twitter.com/raNeUV5fRd,775429955253481473,1:24 PM - 12 Sep 2016
198,@BarackObama,"Vice President Biden speaks on the ""dangerous precedent"" Senate leaders are setting by refusing to do their jobs.http://ofa.bo/2cjizdw ",775407521167126528,11:55 AM - 12 Sep 2016
199,@BarackObama,These are records we can't keep breaking. We must work together to #ActOnClimate.pic.twitter.com/sTxNR10sjK,775387720285683712,10:36 AM - 12 Sep 2016
200,@BarackObama,Meaningful action on climate change can't wait. President Obama explains why in this @nytimes interview.http://ofa.bo/2cH9trK ,775350531812265984,8:09 AM - 12 Sep 2016
201,@BarackObama,"We need to keep up efforts to fight climate change at every level—locally, nationally, globally. #ActOnClimatepic.twitter.com/L10qdkgPDg",774353170159968259,2:05 PM - 9 Sep 2016
202,@FactsOnClimate,"BREAKING: A new strategy to harness the power of wind means more jobs, less pollution: http://go.wh.gov/5DPNW2 pic.twitter.com/Obp0tBIPQp",774322789884964864,12:05 PM - 9 Sep 2016
203,@BarackObama,Senate leaders are back in session. Keep the pressure high—call out their obstructionism. http://ofa.bo/2bZK2oj  #DoYourJob,774325506065985536,12:16 PM - 9 Sep 2016
204,@BarackObama,There's no need to overcomplicate the process. #DoYourJobpic.twitter.com/QgaNgKNBzJ,774303257023963136,10:47 AM - 9 Sep 2016
205,@BarackObama,We must take bold steps now—climate change is already impacting millions of people. http://ofa.bo/2czxiBK  #ActOnClimate,774263324032790528,8:08 AM - 9 Sep 2016
206,@BarackObama,"Congress is back, and they have important work to do before their next recess. Make sure you say where you stand: http://ofa.bo/2co9UcY ",773969076171309056,12:39 PM - 8 Sep 2016
207,@VPLive44,"""Every nominee, including Kennedy in an election year—got an up or down vote"" —@VP on serving as Senate Judiciary Chairman or Ranking Member",773924900440461313,9:44 AM - 8 Sep 2016
208,@BarackObama,Stay in the loop with important facts. Join @OFA's Truth Team: http://ofa.bo/2cwiLqs pic.twitter.com/FDOocrpQvU,773938870421368832,10:39 AM - 8 Sep 2016
209,@BarackObama,Rising sea levels are already flooding homes and roads along America's coasts. The time to #ActOnClimate is now.http://ofa.bo/2bUKt3i ,773638787549188096,2:47 PM - 7 Sep 2016
210,@BarackObama,"Fewer Americans are uninsured than ever before, thanks to #Obamacare.http://ofa.bo/2cilNlT ",773612008889421824,1:00 PM - 7 Sep 2016
211,@BarackObama,Congress is back from recess. Help put the pressure on Senate leaders to give Judge Garland a hearing: http://ofa.bo/2ckGIU7  #DoYourJob,773578682350702592,10:48 AM - 7 Sep 2016
212,@BarackObama,The process is clear. The Supreme Court and American people are waiting for Senate leaders to get to work.pic.twitter.com/1YzeZLIcAT,773549731901349888,8:53 AM - 7 Sep 2016
213,@BarackObama,Senate leaders have 32 days before their next recess to give Judge Garland a hearing and a vote. Call them out now: http://ofa.bo/2chZqvI ,773279043726618624,2:57 PM - 6 Sep 2016
214,@BarackObama,"The Paris Climate Agreement is a big deal in the fight against climate change—and now, a big step closer to reality.http://ofa.bo/2c20UYS ",773254286855712769,1:19 PM - 6 Sep 2016
215,@BarackObama,The United States is leading the way in the fight to #ActOnClimate.pic.twitter.com/vkUMjg6XKc,773233683608199168,11:57 AM - 6 Sep 2016
216,@BarackObama,"Conservation not only protects diverse lands and species, it's also an important part of battling climate change.http://ofa.bo/2c1ui1v ",773203627125055488,9:58 AM - 6 Sep 2016
217,@BarackObama,"""When we protect our lands, it helps us protect the climate for the future."" —President Obama #ActOnClimatehttp://www.snappytv.com/tc/2710336 ",773174849346768896,8:03 AM - 6 Sep 2016
218,@BarackObama,President Obama has a message for America's workers today—check it out: http://ofa.bo/2c9zC6j  #LaborDaypic.twitter.com/qzbHAfRXNs,772827439126966272,9:03 AM - 5 Sep 2016
219,@BarackObama,"In the weekly address, President Obama commemorates the labor movement that helped build this country.http://ofa.bo/2bY9ruQ ",772117278464679937,10:01 AM - 3 Sep 2016
